City_ID,City,Lat,Lng,Max Temp,Humidity,Cloudiness,Wind Speed,Country,Date
0,qaanaaq,77.484,-69.3632,-23.24,73,{'all': 0},"{'speed': 2.91, 'deg': 45, 'gust': 2.86}",GL,1681264919
1,castro,-24.7911,-50.0119,14.12,81,{'all': 0},"{'speed': 1.96, 'deg': 30, 'gust': 2.44}",BR,1681265026
2,torbay,47.6666,-52.7314,3.43,60,{'all': 75},"{'speed': 5.14, 'deg': 210}",CA,1681265099
3,hilo,19.7297,-155.09,25.71,86,{'all': 99},"{'speed': 4.02, 'deg': 93, 'gust': 6.71}",US,1681264978
4,yellowknife,62.456,-114.3525,-6.71,73,{'all': 100},"{'speed': 4.63, 'deg': 20}",CA,1681264966
5,ushuaia,-54.8,-68.3,1.81,80,{'all': 75},"{'speed': 8.75, 'deg': 250}",AR,1681264953
6,mataura,-46.1927,168.8643,11.38,95,{'all': 100},"{'speed': 2.34, 'deg': 141, 'gust': 7.23}",NZ,1681265219
7,vaini,-21.2,-175.2,30.09,74,{'all': 40},"{'speed': 6.69, 'deg': 80}",TO,1681265082
8,springfield,37.2153,-93.2982,17.16,56,{'all': 0},"{'speed': 1.79, 'deg': 165, 'gust': 2.68}",US,1681264806
9,nouadhibou,20.931,-17.0347,17.88,86,{'all': 0},"{'speed': 3.72, 'deg': 246, 'gust': 3.77}",MR,1681265220
10,east london,-33.0153,27.9116,14.77,63,{'all': 100},"{'speed': 2.19, 'deg': 316, 'gust': 2.35}",ZA,1681265220
11,port elizabeth,-33.918,25.5701,12.4,84,{'all': 85},"{'speed': 0.89, 'deg': 275, 'gust': 1.79}",ZA,1681265220
12,coahuayana,18.7333,-103.6833,23.08,70,{'all': 3},"{'speed': 0.71, 'deg': 274, 'gust': 1.18}",MX,1681265220
13,barrow,71.2906,-156.7887,-20.99,77,{'all': 100},"{'speed': 4.63, 'deg': 240}",US,1681265075
14,rikitea,-23.1203,-134.9692,24.98,70,{'all': 100},"{'speed': 3.59, 'deg': 68, 'gust': 3.43}",PF,1681265221
15,albany,42.6001,-73.9662,19.33,42,{'all': 100},"{'speed': 6.76, 'deg': 278, 'gust': 17.67}",US,1681264949
16,hobart,-42.8794,147.3294,17.37,77,{'all': 75},"{'speed': 2.57, 'deg': 140}",AU,1681264993
17,isangel,-19.55,169.2667,29.17,70,{'all': 15},"{'speed': 0.96, 'deg': 335, 'gust': 1.37}",VU,1681265152
18,bantry,51.6833,-9.45,6.55,77,{'all': 81},"{'speed': 13.97, 'deg': 246, 'gust': 22.46}",IE,1681265222
19,roebourne,-20.7833,117.1333,32.51,48,{'all': 97},"{'speed': 5.61, 'deg': 92, 'gust': 6.86}",AU,1681265223
20,boa vista,2.8197,-60.6733,30.99,51,{'all': 40},"{'speed': 3.6, 'deg': 110}",BR,1681265224
21,cabo san lucas,22.8909,-109.9124,27.56,62,{'all': 0},"{'speed': 7.19, 'deg': 304, 'gust': 8.9}",MX,1681265039
22,sangar,63.9242,127.4739,-6.78,83,{'all': 34},"{'speed': 1.61, 'deg': 277, 'gust': 1.89}",RU,1681265224
23,goianesia,-15.3175,-49.1175,20.72,92,{'all': 100},"{'speed': 1.32, 'deg': 81, 'gust': 1.31}",BR,1681265225
24,marsa matruh,31.3525,27.2453,14.15,70,{'all': 41},"{'speed': 8.73, 'deg': 311, 'gust': 11.21}",EG,1681265225
25,lebu,-37.6167,-73.65,13.13,97,{'all': 92},"{'speed': 1.97, 'deg': 162, 'gust': 2.16}",CL,1681264963
26,krasnogorsk,55.8225,37.3181,6.21,93,{'all': 93},"{'speed': 0, 'deg': 0}",RU,1681265226
27,carauari,-4.8828,-66.8958,23.38,97,{'all': 79},"{'speed': 0.49, 'deg': 53, 'gust': 0.52}",BR,1681264974
28,vredendal,-31.6683,18.5012,15.55,33,{'all': 89},"{'speed': 1.91, 'deg': 91, 'gust': 1.98}",ZA,1681265227
29,geraldton,-28.7667,114.6,22.23,53,{'all': 0},"{'speed': 4.63, 'deg': 100}",AU,1681265228
30,qasigiannguit,68.8193,-51.1922,-8.88,89,{'all': 94},"{'speed': 1.41, 'deg': 147, 'gust': 1.62}",GL,1681265074
31,aasiaat,68.7098,-52.8699,-9.68,99,{'all': 59},"{'speed': 2.58, 'deg': 228, 'gust': 2.61}",GL,1681264973
32,fort-shevchenko,44.5086,50.263,15.56,44,{'all': 61},"{'speed': 14.44, 'deg': 113, 'gust': 22.59}",KZ,1681265229
33,diffa,13.3154,12.6113,27.53,16,{'all': 98},"{'speed': 6.26, 'deg': 8, 'gust': 13.4}",NE,1681265229
34,verkhnevilyuysk,63.4453,120.3167,-7.66,88,{'all': 98},"{'speed': 3.51, 'deg': 112, 'gust': 5.71}",RU,1681265230
35,longyearbyen,78.2186,15.6401,-2.09,93,{'all': 75},"{'speed': 1.03, 'deg': 350}",SJ,1681264941
36,arlit,18.7369,7.3853,25.45,18,{'all': 7},"{'speed': 3.46, 'deg': 58, 'gust': 4.05}",NE,1681265231
37,carnarvon,-24.8667,113.6333,23.89,42,{'all': 8},"{'speed': 7.28, 'deg': 149, 'gust': 7.87}",AU,1681264994
38,tadepallegudem,16.8333,81.5,30.13,42,{'all': 0},"{'speed': 2.08, 'deg': 209, 'gust': 2.37}",IN,1681265232
39,rocha,-34.4833,-54.3333,19.35,69,{'all': 93},"{'speed': 3.02, 'deg': 300, 'gust': 9.75}",UY,1681265002
40,kajaani,64.2273,27.7285,-2.97,86,{'all': 0},"{'speed': 0.51, 'deg': 40}",FI,1681265233
41,toumodi,6.5613,-5.0158,24.34,87,{'all': 98},"{'speed': 1.7, 'deg': 197, 'gust': 6.01}",CI,1681265233
42,bredasdorp,-34.5322,20.0403,11.66,77,{'all': 81},"{'speed': 1.51, 'deg': 35, 'gust': 1.65}",ZA,1681264980
43,freeport,40.6576,-73.5832,20.99,39,{'all': 100},"{'speed': 4.92, 'deg': 244, 'gust': 8.05}",US,1681265234
44,sultanpur,26.2667,82.0667,29.48,12,{'all': 0},"{'speed': 3.7, 'deg': 298, 'gust': 6.08}",IN,1681265235
45,esmeraldas,-19.7625,-44.3139,21.48,93,{'all': 86},"{'speed': 2, 'deg': 86, 'gust': 5.18}",BR,1681265235
46,atuona,-9.8,-139.0333,27.42,77,{'all': 68},"{'speed': 7.4, 'deg': 108, 'gust': 7.56}",PF,1681265235
47,kabanjahe,3.1001,98.4908,22.16,79,{'all': 87},"{'speed': 0.52, 'deg': 309, 'gust': 0.44}",ID,1681265236
48,bethel,41.3712,-73.414,19.46,31,{'all': 100},"{'speed': 0.89, 'deg': 272, 'gust': 1.34}",US,1681265237
49,lorengau,-2.0226,147.2712,28.57,73,{'all': 99},"{'speed': 3.72, 'deg': 307, 'gust': 4.97}",PG,1681264960
50,uttaradit,17.6667,100.5,32.41,38,{'all': 5},"{'speed': 2.11, 'deg': 223, 'gust': 3.24}",TH,1681265238
51,kapaa,22.0752,-159.319,26.99,82,{'all': 100},"{'speed': 3.58, 'deg': 59, 'gust': 6.71}",US,1681265238
52,jutai,-5.1833,-68.9,23.21,96,{'all': 12},"{'speed': 0.58, 'deg': 346, 'gust': 0.64}",BR,1681265239
53,punta arenas,-53.15,-70.9167,2.75,68,{'all': 2},"{'speed': 5.92, 'deg': 215, 'gust': 10.34}",CL,1681265240
54,kalmunai,7.4167,81.8167,27.44,76,{'all': 56},"{'speed': 1.44, 'deg': 6, 'gust': 2.78}",LK,1681265056
55,port alfred,-33.5906,26.891,13.6,78,{'all': 96},"{'speed': 2.74, 'deg': 311, 'gust': 2.6}",ZA,1681265067
56,camabatela,-8.1881,15.375,17.27,99,{'all': 100},"{'speed': 0.78, 'deg': 239, 'gust': 1.1}",AO,1681265241
57,feni,23.0186,91.41,29.16,48,{'all': 0},"{'speed': 1.81, 'deg': 107, 'gust': 2.03}",BD,1681265242
58,clyde river,70.4692,-68.5914,-19.82,91,{'all': 98},"{'speed': 3.76, 'deg': 313, 'gust': 4.77}",CA,1681265242
59,margate,51.3813,1.3862,8.83,88,{'all': 100},"{'speed': 1.79, 'deg': 146, 'gust': 2.24}",GB,1681265030
60,roald,62.5833,6.1333,7.96,87,{'all': 100},"{'speed': 3.6, 'deg': 40}",NO,1681265244
61,thompson,55.7435,-97.8558,1.27,100,{'all': 100},"{'speed': 1.22, 'deg': 106, 'gust': 3.05}",CA,1681265244
62,new norfolk,-42.7826,147.0587,17.17,65,{'all': 83},"{'speed': 1.34, 'deg': 117, 'gust': 3.13}",AU,1681265092
63,mansa,29.9833,75.3833,25.63,31,{'all': 2},"{'speed': 3.54, 'deg': 337, 'gust': 7.19}",IN,1681265245
64,lubao,14.9167,120.55,30.74,59,{'all': 100},"{'speed': 1.37, 'deg': 56, 'gust': 2.39}",PH,1681265245
65,huichapan,20.3833,-99.65,14.78,74,{'all': 12},"{'speed': 4.68, 'deg': 53, 'gust': 6.47}",MX,1681265246
66,cabedelo,-6.9811,-34.8339,25.79,79,{'all': 100},"{'speed': 4.18, 'deg': 152, 'gust': 5.91}",BR,1681265246
67,bilma,18.6853,12.9164,21.79,14,{'all': 4},"{'speed': 6.16, 'deg': 29, 'gust': 11.47}",NE,1681265247
68,nanakuli,21.3906,-158.1547,26.17,70,{'all': 100},"{'speed': 8.71, 'deg': 71, 'gust': 10.98}",US,1681265247
69,saint-philippe,-21.3585,55.7679,23.77,80,{'all': 0},"{'speed': 2.65, 'deg': 350, 'gust': 3.35}",RE,1681264979
70,caravelas,-17.7125,-39.2481,23.27,95,{'all': 99},"{'speed': 2.96, 'deg': 139, 'gust': 6.44}",BR,1681265248
71,carsamba,41.1989,36.7219,8.79,95,{'all': 100},"{'speed': 1.54, 'deg': 288, 'gust': 2.34}",TR,1681265249
72,ilulissat,69.2167,-51.1,-9.33,81,{'all': 98},"{'speed': 2.65, 'deg': 130, 'gust': 2.61}",GL,1681264997
73,palmer,42.1584,-72.3287,20.14,26,{'all': 100},"{'speed': 0.89, 'deg': 321, 'gust': 1.34}",US,1681265250
74,bluff,-46.6,168.3333,11.56,90,{'all': 100},"{'speed': 10.05, 'deg': 126, 'gust': 11.69}",NZ,1681265087
75,husavik,66.0449,-17.3389,1.23,87,{'all': 100},"{'speed': 2.24, 'deg': 180, 'gust': 2.47}",IS,1681265251
76,puerto carreno,6.189,-67.4859,25.98,77,{'all': 99},"{'speed': 1.99, 'deg': 228, 'gust': 2.83}",CO,1681265251
77,egvekinot,66.3167,-179.1667,-17.05,75,{'all': 29},"{'speed': 3.24, 'deg': 5, 'gust': 3.79}",RU,1681265252
78,jinka,5.65,36.65,16.85,83,{'all': 100},"{'speed': 1.41, 'deg': 32, 'gust': 1.8}",ET,1681265252
79,olafsvik,64.8945,-23.7142,4.67,83,{'all': 100},"{'speed': 2.6, 'deg': 132, 'gust': 3.14}",IS,1681265253
80,busselton,-33.65,115.3333,20.34,69,{'all': 75},"{'speed': 6.92, 'deg': 280, 'gust': 8.46}",AU,1681265050
81,saldanha,-33.0117,17.9442,9.03,74,{'all': 99},"{'speed': 2.17, 'deg': 136, 'gust': 2.49}",ZA,1681265113
82,urcos,-13.6861,-71.6228,10.94,93,{'all': 22},"{'speed': 1.72, 'deg': 50, 'gust': 1.66}",PE,1681265254
83,kuito,-12.3833,16.9333,14.29,95,{'all': 100},"{'speed': 1.48, 'deg': 95, 'gust': 2.56}",AO,1681265255
84,northam,51.0333,-4.2167,7.36,88,{'all': 85},"{'speed': 10.02, 'deg': 253, 'gust': 14.41}",GB,1681264962
85,kodiak,57.79,-152.4072,3.33,88,{'all': 100},"{'speed': 1.21, 'deg': 330, 'gust': 1.49}",US,1681265255
86,semirom,31.4167,51.5667,7.57,60,{'all': 97},"{'speed': 2.56, 'deg': 221, 'gust': 5.8}",IR,1681265256
87,sisak,45.4661,16.3783,7.99,78,{'all': 100},"{'speed': 0.85, 'deg': 222, 'gust': 0.84}",HR,1681265256
88,jamestown,42.097,-79.2353,16.7,43,{'all': 100},"{'speed': 0.89, 'deg': 250, 'gust': 2.24}",US,1681264991
89,mahebourg,-20.4081,57.7,25.14,83,{'all': 97},"{'speed': 5.1, 'deg': 6, 'gust': 8.17}",MU,1681265257
90,fairbanks,64.8378,-147.7164,-8.28,77,{'all': 100},"{'speed': 0, 'deg': 0}",US,1681265100
91,poum,-20.2333,164.0167,26.46,76,{'all': 1},"{'speed': 1.54, 'deg': 199, 'gust': 1.36}",NC,1681265031
92,wencheng,33.0559,113.7978,19.55,48,{'all': 50},"{'speed': 4.3, 'deg': 122, 'gust': 6.49}",CN,1681265258
93,boundiali,9.5217,-6.4869,28.54,42,{'all': 98},"{'speed': 0.56, 'deg': 357, 'gust': 0.93}",CI,1681265258
94,yarmouth,41.7057,-70.2286,16.47,59,{'all': 100},"{'speed': 6.26, 'deg': 229, 'gust': 11.62}",US,1681265100
95,sistranda,63.7256,8.834,8.98,87,{'all': 100},"{'speed': 1.13, 'deg': 25, 'gust': 1.34}",NO,1681265008
96,kurumkan,54.3,110.3,-1.14,50,{'all': 86},"{'speed': 1.27, 'deg': 107, 'gust': 1.23}",RU,1681265150
97,zhuhai,22.2769,113.5678,26.03,83,{'all': 0},"{'speed': 1.03, 'deg': 0}",CN,1681265048
98,lianzhou,24.7811,112.3825,25.94,79,{'all': 80},"{'speed': 0.43, 'deg': 93, 'gust': 0.44}",CN,1681265259
99,general roca,-39.0333,-67.5833,13.68,51,{'all': 5},"{'speed': 3.83, 'deg': 102, 'gust': 6.83}",AR,1681265224
100,meridian,43.6121,-116.3915,14.08,41,{'all': 0},"{'speed': 4.63, 'deg': 350}",US,1681265260
101,deputatskiy,69.3,139.9,-17.77,89,{'all': 100},"{'speed': 1.65, 'deg': 116, 'gust': 1.6}",RU,1681265260
102,alapur,27.9555,79.2269,27.46,22,{'all': 6},"{'speed': 4.47, 'deg': 287, 'gust': 9.14}",IN,1681265261
103,chunoyar,57.4467,97.3217,-4.21,73,{'all': 100},"{'speed': 5.11, 'deg': 269, 'gust': 9.41}",RU,1681265261
104,cayenne,4.9333,-52.3333,26.02,83,{'all': 75},"{'speed': 2.06, 'deg': 70}",GF,1681265261
105,hithadhoo,-0.6,73.0833,28.09,70,{'all': 13},"{'speed': 0.62, 'deg': 132, 'gust': 0.79}",MV,1681265261
106,kaitangata,-46.2817,169.8464,12.08,96,{'all': 100},"{'speed': 4.06, 'deg': 141, 'gust': 7.25}",NZ,1681265016
107,airai,-8.9266,125.4092,23.64,61,{'all': 33},"{'speed': 0.66, 'deg': 295, 'gust': 1.86}",TL,1681265262
108,bengkulu,-3.8004,102.2655,27.33,76,{'all': 98},"{'speed': 1.29, 'deg': 349, 'gust': 1.69}",ID,1681265081
109,gamba,-2.65,10.0,24.84,91,{'all': 100},"{'speed': 1.66, 'deg': 19, 'gust': 2.13}",GA,1681265079
110,guerrero negro,27.9769,-114.0611,15.05,85,{'all': 0},"{'speed': 7.59, 'deg': 328, 'gust': 10.73}",MX,1681265154
111,waterloo,43.4668,-80.5164,17.93,42,{'all': 100},"{'speed': 9.77, 'deg': 260}",CA,1681265078
112,grand-santi,4.25,-54.3833,23.65,92,{'all': 99},"{'speed': 1.3, 'deg': 42, 'gust': 5.13}",GF,1681265263
113,butaritari,3.0707,172.7902,27.95,73,{'all': 100},"{'speed': 5.4, 'deg': 103, 'gust': 5.89}",KI,1681265263
114,labuhan,-6.8844,112.2051,28.44,73,{'all': 98},"{'speed': 2.52, 'deg': 250, 'gust': 3.31}",ID,1681265056
115,zhigansk,66.7697,123.3711,-15.63,88,{'all': 14},"{'speed': 3.08, 'deg': 13, 'gust': 3.49}",RU,1681265264
116,wenling,28.3669,121.36,19.06,84,{'all': 82},"{'speed': 5.81, 'deg': 47, 'gust': 7.81}",CN,1681265265
117,kokuy,52.2037,117.5529,-3.28,63,{'all': 2},"{'speed': 2.72, 'deg': 279, 'gust': 3.93}",RU,1681265265
118,port lincoln,-34.7333,135.8667,17.8,57,{'all': 0},"{'speed': 8.63, 'deg': 226, 'gust': 10.07}",AU,1681265265
119,portobelo,9.55,-79.65,24.5,88,{'all': 53},"{'speed': 4.9, 'deg': 5, 'gust': 6.85}",PA,1681265265
120,zhezkazgan,47.8043,67.7144,-0.01,74,{'all': 0},"{'speed': 5, 'deg': 60}",KZ,1681265266
121,chokurdakh,70.6333,147.9167,-16.74,80,{'all': 99},"{'speed': 1.37, 'deg': 123, 'gust': 1.77}",RU,1681265266
122,sur,22.5667,59.5289,27.89,51,{'all': 100},"{'speed': 0.49, 'deg': 196, 'gust': 1.72}",OM,1681265266
123,lagoa,39.05,-27.9833,14.11,76,{'all': 100},"{'speed': 3.92, 'deg': 8, 'gust': 3.65}",PT,1681265035
124,hermanus,-34.4187,19.2345,12.67,75,{'all': 97},"{'speed': 3.92, 'deg': 64, 'gust': 4.76}",ZA,1681265267
125,beringovskiy,63.05,179.3167,-17.37,85,{'all': 100},"{'speed': 6.59, 'deg': 352, 'gust': 7.81}",RU,1681265267
126,puerto ayora,-0.7393,-90.3518,27.53,88,{'all': 58},"{'speed': 0.89, 'deg': 127, 'gust': 1.79}",EC,1681264994
127,gravdal,68.1214,13.5031,3.61,77,{'all': 100},"{'speed': 5.48, 'deg': 93, 'gust': 6.62}",NO,1681265267
128,bendigo,-36.7667,144.2833,13.81,71,{'all': 88},"{'speed': 3.98, 'deg': 39, 'gust': 4.59}",AU,1681265268
129,cherskiy,68.75,161.3,-17.76,84,{'all': 87},"{'speed': 0.41, 'deg': 243, 'gust': 0.55}",RU,1681265268
130,ponta do sol,32.6667,-17.1,18.89,69,{'all': 0},"{'speed': 1.87, 'deg': 28, 'gust': 2.78}",PT,1681265268
131,saskylakh,71.9167,114.0833,-18.5,96,{'all': 84},"{'speed': 3.47, 'deg': 114, 'gust': 7.63}",RU,1681264995
132,kruisfontein,-34.0033,24.7314,8.82,83,{'all': 64},"{'speed': 2, 'deg': 332, 'gust': 1.91}",ZA,1681265269
133,troitskoye,52.9821,84.6757,-2.01,56,{'all': 23},"{'speed': 4.59, 'deg': 290, 'gust': 7.21}",RU,1681265269
134,sayyan,15.1718,44.3244,15.69,62,{'all': 9},"{'speed': 0.64, 'deg': 181, 'gust': 0.81}",YE,1681265269
135,port augusta,-32.5,137.7667,23.91,40,{'all': 0},"{'speed': 8.59, 'deg': 216, 'gust': 11.37}",AU,1681265119
136,moyale,3.5167,39.0584,19.72,82,{'all': 95},"{'speed': 2.52, 'deg': 70, 'gust': 2.94}",KE,1681265270
137,tuktoyaktuk,69.4541,-133.0374,-16.0,72,{'all': 75},"{'speed': 5.66, 'deg': 260}",CA,1681264985
138,pinheiro machado,-31.5783,-53.3811,18.92,61,{'all': 25},"{'speed': 1.2, 'deg': 327, 'gust': 1.29}",BR,1681265270
139,terney,45.0503,136.6092,5.78,39,{'all': 78},"{'speed': 7.14, 'deg': 245, 'gust': 11.79}",RU,1681265271
140,cape town,-33.9258,18.4232,15.77,76,{'all': 0},"{'speed': 1.03, 'deg': 300}",ZA,1681265078
141,baoning,25.3378,110.026,21.6,93,{'all': 100},"{'speed': 0.74, 'deg': 57, 'gust': 1.32}",CN,1681265271
142,alofi,-19.0595,-169.9187,26.74,76,{'all': 17},"{'speed': 8.14, 'deg': 106, 'gust': 8.46}",NU,1681265271
143,visnes,59.3556,5.2242,6.03,87,{'all': 40},"{'speed': 5.14, 'deg': 150}",NO,1681265271
144,ribeira grande,38.5167,-28.7,14.87,88,{'all': 100},"{'speed': 3.58, 'deg': 18, 'gust': 4.47}",PT,1681265023
145,suoyarvi,62.0833,32.35,0.16,96,{'all': 100},"{'speed': 1.14, 'deg': 29, 'gust': 1.36}",RU,1681265272
146,masumbwe,-3.6333,32.1833,16.84,97,{'all': 90},"{'speed': 0.2, 'deg': 347, 'gust': 0.47}",TZ,1681265272
147,kilakarai,9.2333,78.7833,29.02,66,{'all': 11},"{'speed': 3.7, 'deg': 86, 'gust': 4.28}",IN,1681265273
148,aguas verdes,-3.4814,-80.245,24.7,91,{'all': 85},"{'speed': 0.77, 'deg': 177, 'gust': 1.03}",PE,1681265273
149,port hedland,-20.3167,118.5667,33.03,49,{'all': 100},"{'speed': 7.72, 'deg': 80}",AU,1681265273
150,marau,-28.4492,-52.2,18.21,70,{'all': 3},"{'speed': 1.46, 'deg': 35, 'gust': 1.37}",BR,1681265273
151,terra santa,-2.1042,-56.4869,23.9,94,{'all': 96},"{'speed': 1.2, 'deg': 66, 'gust': 1.59}",BR,1681265273
152,luwuk,-0.9516,122.7875,30.62,65,{'all': 35},"{'speed': 1.44, 'deg': 154, 'gust': 1.71}",ID,1681265237
153,sitka,57.0531,-135.33,4.23,63,{'all': 20},"{'speed': 2.78, 'deg': 310, 'gust': 3.3}",US,1681265044
154,gornopravdinsk,60.05,69.9,-1.91,92,{'all': 63},"{'speed': 3.07, 'deg': 241, 'gust': 8.99}",RU,1681265274
155,chuguyevka,44.1653,133.8633,5.5,25,{'all': 62},"{'speed': 7.85, 'deg': 265, 'gust': 12.54}",RU,1681265274
156,madimba,-10.4,40.3333,24.13,91,{'all': 82},"{'speed': 1.82, 'deg': 175, 'gust': 2.07}",TZ,1681265275
157,kazanskaya,45.4106,40.4361,9.43,83,{'all': 63},"{'speed': 2.49, 'deg': 102, 'gust': 4.7}",RU,1681265275
158,fortuna,40.5982,-124.1573,10.92,69,{'all': 7},"{'speed': 2.68, 'deg': 338, 'gust': 5.36}",US,1681265275
159,balfour,-26.6633,28.5902,5.21,35,{'all': 79},"{'speed': 1.12, 'deg': 88, 'gust': 1.08}",ZA,1681265275
160,cidreira,-30.1811,-50.2056,23.04,87,{'all': 88},"{'speed': 6.22, 'deg': 40, 'gust': 10.33}",BR,1681265069
161,cascais,38.6979,-9.4215,16.39,89,{'all': 7},"{'speed': 7.15, 'deg': 340, 'gust': 0}",PT,1681265276
162,laguna,38.421,-121.4238,20.08,53,{'all': 0},"{'speed': 5.14, 'deg': 210, 'gust': 7.72}",US,1681265276
163,bambous virieux,-20.3428,57.7575,25.14,94,{'all': 40},"{'speed': 1.54, 'deg': 70}",MU,1681265103
164,alice springs,-23.7,133.8833,26.75,32,{'all': 40},"{'speed': 2.57, 'deg': 80}",AU,1681265277
165,high prairie,55.4334,-116.4858,4.48,62,{'all': 100},"{'speed': 2.09, 'deg': 310, 'gust': 2.44}",CA,1681265277
166,srednekolymsk,67.45,153.6833,-14.48,79,{'all': 23},"{'speed': 2.12, 'deg': 54, 'gust': 1.94}",RU,1681265277
167,nikolskoye,59.7035,30.7861,6.0,82,{'all': 100},"{'speed': 1.22, 'deg': 108, 'gust': 1.31}",RU,1681265099
168,buin,-33.7333,-70.75,22.29,79,{'all': 99},"{'speed': 0.99, 'deg': 284, 'gust': 0.97}",CL,1681265040
169,mount isa,-20.7333,139.5,32.87,19,{'all': 100},"{'speed': 4.12, 'deg': 30}",AU,1681265278
170,komsomolskiy,40.4272,71.7189,14.4,62,{'all': 100},"{'speed': 2.06, 'deg': 40}",UZ,1681265209
171,neryungri,56.6709,124.6491,-8.3,86,{'all': 100},"{'speed': 3.38, 'deg': 338, 'gust': 4.5}",RU,1681265278
172,boksitogorsk,59.474,33.8485,-2.44,83,{'all': 100},"{'speed': 0.86, 'deg': 244, 'gust': 0.87}",RU,1681265279
173,molokovo,58.1661,36.7628,4.43,72,{'all': 83},"{'speed': 1.4, 'deg': 246, 'gust': 1.39}",RU,1681265279
174,victoria,22.2855,114.1577,27.36,82,{'all': 26},"{'speed': 0.45, 'deg': 224, 'gust': 0.89}",HK,1681265166
175,qandala,11.472,49.8728,27.95,67,{'all': 3},"{'speed': 4.12, 'deg': 127, 'gust': 5.8}",SO,1681265280
176,te anau,-45.4167,167.7167,12.35,92,{'all': 99},"{'speed': 2.57, 'deg': 168, 'gust': 6.02}",NZ,1681265280
177,chuy,-33.6971,-53.4616,19.8,63,{'all': 100},"{'speed': 2.31, 'deg': 294, 'gust': 2.67}",UY,1681265280
178,taphan hin,16.2209,100.4198,33.87,61,{'all': 10},"{'speed': 3.87, 'deg': 185, 'gust': 4.38}",TH,1681265280
179,borogontsy,62.6683,131.1683,-3.53,79,{'all': 100},"{'speed': 1.71, 'deg': 47, 'gust': 2.59}",RU,1681265281
180,georgetown,5.4112,100.3354,29.96,83,{'all': 20},"{'speed': 2.06, 'deg': 60}",MY,1681265119
181,dabola,10.75,-11.1167,27.91,39,{'all': 99},"{'speed': 1.3, 'deg': 337, 'gust': 1.31}",GN,1681265281
182,gibara,21.1097,-76.1317,21.62,79,{'all': 32},"{'speed': 2.58, 'deg': 65, 'gust': 3.42}",CU,1681265281
183,roma,43.2128,-75.4557,17.71,65,{'all': 100},"{'speed': 7.35, 'deg': 268, 'gust': 16.7}",US,1681265033
184,klaksvik,62.2266,-6.589,1.51,83,{'all': 57},"{'speed': 1.68, 'deg': 39, 'gust': 1.78}",FO,1681265090
185,nizhniy kuranakh,58.8353,125.4869,-7.17,84,{'all': 100},"{'speed': 2.37, 'deg': 36, 'gust': 3.22}",RU,1681265283
186,pisco,-13.7,-76.2167,22.79,85,{'all': 100},"{'speed': 0.5, 'deg': 169, 'gust': 1.83}",PE,1681265283
187,mason city,43.1536,-93.201,20.61,58,{'all': 68},"{'speed': 6.34, 'deg': 195, 'gust': 15.2}",US,1681265006
188,upernavik,72.7868,-56.1549,-14.81,91,{'all': 89},"{'speed': 3.39, 'deg': 28, 'gust': 4.18}",GL,1681265284
189,novopavlovka,51.2172,109.2091,3.47,38,{'all': 100},"{'speed': 0.57, 'deg': 354, 'gust': 1.11}",RU,1681265285
190,san pedro de macoris,18.4616,-69.2972,24.61,86,{'all': 0},"{'speed': 3.2, 'deg': 117, 'gust': 4.65}",DO,1681265201
191,groton,41.3501,-72.0784,18.34,50,{'all': 100},"{'speed': 4.92, 'deg': 248, 'gust': 6.26}",US,1681265286
192,samdrup jongkhar,26.9167,91.6167,24.07,28,{'all': 0},"{'speed': 1.23, 'deg': 134, 'gust': 2.14}",BT,1681265287
193,awjilah,29.1081,21.2869,12.91,73,{'all': 1},"{'speed': 5.52, 'deg': 310, 'gust': 10}",LY,1681265287
194,ostrovnoy,68.0531,39.5131,-2.66,77,{'all': 100},"{'speed': 6.85, 'deg': 29, 'gust': 8.88}",RU,1681265004
195,birjand,32.8663,59.2211,17.74,26,{'all': 9},"{'speed': 3.6, 'deg': 120, 'gust': 3.6}",IR,1681265288
196,moscow,55.7522,37.6156,6.72,59,{'all': 80},"{'speed': 0.79, 'deg': 70, 'gust': 0.8}",RU,1681264903
197,nishihara,26.1842,127.7558,25.81,78,{'all': 20},"{'speed': 4.12, 'deg': 10}",JP,1681265288
198,richards bay,-28.783,32.0377,17.4,83,{'all': 95},"{'speed': 2.24, 'deg': 285, 'gust': 2.95}",ZA,1681265289
199,sinnamary,5.3833,-52.95,25.36,88,{'all': 99},"{'speed': 3.49, 'deg': 50, 'gust': 4.63}",GF,1681265290
200,faya,18.3851,42.4509,16.72,49,{'all': 2},"{'speed': 1.61, 'deg': 182, 'gust': 1.83}",SA,1681265290
201,biggar,55.6167,-3.5167,4.39,90,{'all': 100},"{'speed': 9.29, 'deg': 224, 'gust': 15.55}",GB,1681265291
202,ahuimanu,21.4447,-157.8378,26.03,69,{'all': 100},"{'speed': 3.13, 'deg': 64, 'gust': 8.94}",US,1681265291
203,vao,-22.6667,167.4833,23.96,80,{'all': 29},"{'speed': 2.16, 'deg': 113, 'gust': 2.13}",NC,1681264996
204,pangnirtung,66.1451,-65.7125,-13.32,81,{'all': 98},"{'speed': 1.96, 'deg': 47, 'gust': 1.71}",CA,1681265292
205,dundee,56.5,-2.9667,4.33,89,{'all': 100},"{'speed': 9.96, 'deg': 229, 'gust': 19.99}",GB,1681265292
206,dudinka,69.4058,86.1778,-21.44,94,{'all': 100},"{'speed': 3.83, 'deg': 5, 'gust': 5.37}",RU,1681265292
207,rundu,-17.9333,19.7667,18.45,59,{'all': 4},"{'speed': 2.34, 'deg': 102, 'gust': 2.84}",NA,1681265293
208,camacha,33.0833,-16.3333,15.68,72,{'all': 40},"{'speed': 3.6, 'deg': 40}",PT,1681265040
209,marzuq,14.4,46.4667,20.08,52,{'all': 5},"{'speed': 2.51, 'deg': 168, 'gust': 2.52}",YE,1681265294
210,xining,36.6167,101.7667,10.24,27,{'all': 33},"{'speed': 0.65, 'deg': 12, 'gust': 0.65}",CN,1681265294
211,normandin,48.8333,-72.5321,3.28,88,{'all': 100},"{'speed': 7.73, 'deg': 299, 'gust': 15.77}",CA,1681265295
212,kungur,57.4368,56.9593,1.4,71,{'all': 58},"{'speed': 3.48, 'deg': 223, 'gust': 9.33}",RU,1681265296
213,adrar,20.5022,-10.0711,23.18,51,{'all': 92},"{'speed': 3.16, 'deg': 12, 'gust': 3.99}",MR,1681265296
214,indramayu,-6.3264,108.32,28.29,76,{'all': 69},"{'speed': 1.86, 'deg': 149, 'gust': 1.97}",ID,1681265297
215,ancud,-41.8697,-73.8203,12.34,92,{'all': 100},"{'speed': 0.81, 'deg': 231, 'gust': 0.85}",CL,1681265297
216,nieuw amsterdam,5.8833,-55.0833,26.68,85,{'all': 60},"{'speed': 3.45, 'deg': 55, 'gust': 5.34}",SR,1681265298
217,general cepeda,25.3833,-101.45,16.15,56,{'all': 53},"{'speed': 3.88, 'deg': 58, 'gust': 5.95}",MX,1681265298
218,orbetello,42.4408,11.2196,10.13,89,{'all': 58},"{'speed': 3.64, 'deg': 83, 'gust': 3.99}",IT,1681265299
219,carlyle,38.6103,-89.3726,18.22,68,{'all': 0},"{'speed': 4.04, 'deg': 185, 'gust': 9.62}",US,1681265186
220,mombetsu,44.3525,143.3525,10.97,70,{'all': 100},"{'speed': 7.99, 'deg': 271, 'gust': 12.99}",JP,1681265301
221,kismayo,-0.3582,42.5454,27.91,76,{'all': 97},"{'speed': 5.42, 'deg': 105, 'gust': 7.03}",SO,1681265301
222,sioux lookout,50.1001,-91.917,8.06,95,{'all': 39},"{'speed': 3.33, 'deg': 137, 'gust': 11.09}",CA,1681265302
223,saint anthony,45.0205,-93.218,22.76,34,{'all': 7},"{'speed': 1.34, 'deg': 166, 'gust': 3.13}",US,1681265061
224,tambura,5.6,27.4667,23.04,74,{'all': 100},"{'speed': 2.91, 'deg': 217, 'gust': 9.08}",SS,1681265302
225,sorland,67.667,12.6934,5.92,79,{'all': 100},"{'speed': 7.26, 'deg': 104, 'gust': 8.82}",NO,1681265303
226,wanparti,16.3667,78.0667,29.29,28,{'all': 0},"{'speed': 1.3, 'deg': 157, 'gust': 1.95}",IN,1681265303
227,navahrudak,53.6,25.8333,6.41,74,{'all': 100},"{'speed': 2.86, 'deg': 99, 'gust': 6.05}",BY,1681265304
228,esperance,-33.8667,121.9,21.28,56,{'all': 0},"{'speed': 5.51, 'deg': 336, 'gust': 7.16}",AU,1681265305
229,kasongo-lunda,-6.4667,16.8167,21.54,99,{'all': 100},"{'speed': 0.76, 'deg': 28, 'gust': 1.16}",CD,1681265113
230,jinchang,38.4953,102.1739,16.2,18,{'all': 100},"{'speed': 6.3, 'deg': 349, 'gust': 8.98}",CN,1681265305
231,shebunino,46.4339,141.8603,4.93,78,{'all': 51},"{'speed': 11.08, 'deg': 217, 'gust': 18.19}",RU,1681265306
232,uribia,11.7139,-72.266,27.99,67,{'all': 100},"{'speed': 6.07, 'deg': 61, 'gust': 7.9}",CO,1681265306
233,xinqing,48.2333,129.5,3.4,44,{'all': 100},"{'speed': 3.88, 'deg': 277, 'gust': 4.5}",CN,1681265306
234,ponta delgada,37.7333,-25.6667,15.4,82,{'all': 20},"{'speed': 3.6, 'deg': 20}",PT,1681265307
235,muros,42.7762,-9.0603,15.61,84,{'all': 100},"{'speed': 7.27, 'deg': 228, 'gust': 11.81}",ES,1681265308
236,xuddur,4.1213,43.8894,24.15,81,{'all': 86},"{'speed': 7.17, 'deg': 100, 'gust': 11.61}",SO,1681265308
237,coquimbo,-29.9533,-71.3436,15.85,100,{'all': 100},"{'speed': 0, 'deg': 0}",CL,1681264992
238,jackson,42.4165,-122.8345,10.97,49,{'all': 68},"{'speed': 3.58, 'deg': 235, 'gust': 5.81}",US,1681265309
239,aykhal,66.0,111.5,-8.71,86,{'all': 100},"{'speed': 16.24, 'deg': 148, 'gust': 22.81}",RU,1681265032
240,acari,-15.4311,-74.6158,23.71,76,{'all': 98},"{'speed': 1.36, 'deg': 189, 'gust': 1.91}",PE,1681265309
241,alta floresta,-9.8756,-56.0861,20.62,98,{'all': 76},"{'speed': 1.07, 'deg': 125, 'gust': 1.21}",BR,1681265310
242,tiarei,-17.5333,-149.3333,31.01,73,{'all': 100},"{'speed': 1.77, 'deg': 86, 'gust': 1.79}",PF,1681265310
243,avarua,-21.2078,-159.775,28.03,65,{'all': 42},"{'speed': 4.63, 'deg': 60}",CK,1681265311
244,fethiye,36.6217,29.1164,7.93,73,{'all': 24},"{'speed': 2.81, 'deg': 15, 'gust': 2.95}",TR,1681265312
245,anuradhapura,8.3565,80.4173,26.31,79,{'all': 13},"{'speed': 2.97, 'deg': 105, 'gust': 6.14}",LK,1681265314
246,shetpe,44.1667,52.1167,14.22,37,{'all': 100},"{'speed': 12.42, 'deg': 120, 'gust': 23.67}",KZ,1681265314
247,yumen,40.2833,97.2,11.03,23,{'all': 100},"{'speed': 3.16, 'deg': 112, 'gust': 3.14}",CN,1681265314
248,katsuura,35.1333,140.3,20.01,78,{'all': 100},"{'speed': 11.87, 'deg': 211, 'gust': 16.26}",JP,1681265314
249,norman wells,65.282,-126.8329,-3.26,84,{'all': 94},"{'speed': 2.63, 'deg': 299, 'gust': 4.08}",CA,1681265315
250,keetmanshoop,-26.5833,18.1333,14.63,15,{'all': 0},"{'speed': 3.48, 'deg': 35, 'gust': 3.81}",NA,1681265315
251,murwillumbah,-28.3167,153.4,26.1,27,{'all': 100},"{'speed': 2.57, 'deg': 30}",AU,1681265316
252,okhtyrka,50.3104,34.8988,11.05,61,{'all': 100},"{'speed': 7.42, 'deg': 81, 'gust': 15.74}",UA,1681265316
253,belmonte,-15.8631,-38.8828,23.8,90,{'all': 31},"{'speed': 1.49, 'deg': 232, 'gust': 2.62}",BR,1681265317
254,morondava,-20.2833,44.2833,23.91,84,{'all': 7},"{'speed': 2.45, 'deg': 164, 'gust': 2.69}",MG,1681265317
255,marawi,7.9986,124.2928,27.93,58,{'all': 78},"{'speed': 0.97, 'deg': 235, 'gust': 2.14}",PH,1681265318
256,nanortalik,60.1432,-45.2371,-0.72,90,{'all': 96},"{'speed': 2.9, 'deg': 341, 'gust': 3.8}",GL,1681265318
257,pacific grove,36.6177,-121.9166,16.05,74,{'all': 100},"{'speed': 8.05, 'deg': 325, 'gust': 13.86}",US,1681265318
258,tiksi,71.6872,128.8694,-20.31,94,{'all': 75},"{'speed': 1.07, 'deg': 97, 'gust': 0.93}",RU,1681265319
259,porto velho,-8.7619,-63.9039,25.03,94,{'all': 40},"{'speed': 2.57, 'deg': 40}",BR,1681265319
260,tessalit,20.1986,1.0114,24.05,11,{'all': 96},"{'speed': 2.98, 'deg': 343, 'gust': 3.05}",ML,1681265319
261,tasiilaq,65.6145,-37.6368,0.17,97,{'all': 100},"{'speed': 0.81, 'deg': 249, 'gust': 1.85}",GL,1681265319
262,borodyanka,50.6448,29.9201,7.5,93,{'all': 100},"{'speed': 5.97, 'deg': 63, 'gust': 11.91}",UA,1681265319
263,pevek,69.7008,170.3133,-23.04,90,{'all': 84},"{'speed': 1.35, 'deg': 223, 'gust': 1.06}",RU,1681265320
264,sal rei,16.1833,-22.9167,21.27,73,{'all': 98},"{'speed': 4.87, 'deg': 356, 'gust': 5.26}",CV,1681265320
265,padang,-0.9492,100.3543,27.03,79,{'all': 76},"{'speed': 0.58, 'deg': 209, 'gust': 1.34}",ID,1681265320
266,san ramon,37.7799,-121.978,16.07,62,{'all': 4},"{'speed': 1.79, 'deg': 147, 'gust': 6.26}",US,1681265172
267,vestmannaeyjar,63.4427,-20.2734,4.58,76,{'all': 83},"{'speed': 3.91, 'deg': 30, 'gust': 4.04}",IS,1681265321
268,mayor pablo lagerenza,-19.9309,-60.7718,24.5,79,{'all': 12},"{'speed': 3.18, 'deg': 17, 'gust': 10.55}",PY,1681265321
269,san juan,-31.5375,-68.5364,24.54,45,{'all': 90},"{'speed': 5.02, 'deg': 204, 'gust': 8.71}",AR,1681265162
270,leningradskiy,69.3833,178.4167,-16.18,88,{'all': 96},"{'speed': 4.48, 'deg': 307, 'gust': 5.58}",RU,1681265321
271,nong chik,6.8436,101.178,28.99,70,{'all': 97},"{'speed': 1.48, 'deg': 157, 'gust': 1.88}",TH,1681265321
272,narsaq,60.9167,-46.05,-0.96,90,{'all': 100},"{'speed': 0.37, 'deg': 2, 'gust': 0.57}",GL,1681265322
273,tineo,43.3376,-6.4145,12.14,64,{'all': 100},"{'speed': 4, 'deg': 213, 'gust': 12.28}",ES,1681265322
274,khandyga,62.6667,135.6,-2.61,77,{'all': 100},"{'speed': 0.95, 'deg': 61, 'gust': 1.57}",RU,1681265322
275,anloga,5.7947,0.8973,28.05,78,{'all': 73},"{'speed': 5.13, 'deg': 203, 'gust': 5.9}",GH,1681265322
276,plavsk,53.7094,37.2919,6.94,60,{'all': 100},"{'speed': 3.5, 'deg': 85, 'gust': 7.7}",RU,1681265323
277,naivasha,-0.7167,36.4359,12.41,91,{'all': 93},"{'speed': 1.24, 'deg': 48, 'gust': 1.38}",KE,1681265323
278,severo-kurilsk,50.6789,156.125,-0.44,71,{'all': 89},"{'speed': 5.29, 'deg': 309, 'gust': 6}",RU,1681265323
279,anadyr,64.75,177.4833,-16.72,60,{'all': 0},"{'speed': 1, 'deg': 0}",RU,1681265323
280,ouesso,1.6136,16.0517,20.34,98,{'all': 100},"{'speed': 1.8, 'deg': 292, 'gust': 6.33}",CG,1681265324
281,somerset,40.5668,-74.5496,20.47,34,{'all': 100},"{'speed': 1.34, 'deg': 180, 'gust': 2.68}",US,1681265324
282,batagay-alyta,67.8006,130.4114,-16.3,76,{'all': 12},"{'speed': 0.74, 'deg': 235, 'gust': 1.01}",RU,1681265324
283,sao joao da barra,-21.6403,-41.0511,23.65,80,{'all': 42},"{'speed': 3.43, 'deg': 81, 'gust': 4.75}",BR,1681265077
284,russell,32.3502,-85.1999,15.56,75,{'all': 41},"{'speed': 1.92, 'deg': 84, 'gust': 2.51}",US,1681265146
285,nizhniy tsasuchey,50.5167,115.1333,2.12,24,{'all': 17},"{'speed': 2.38, 'deg': 338, 'gust': 3.26}",RU,1681265325
286,nhamunda,-2.1861,-56.7131,23.82,94,{'all': 92},"{'speed': 0.97, 'deg': 60, 'gust': 1.08}",BR,1681265325
287,souillac,-20.5167,57.5167,25.09,87,{'all': 99},"{'speed': 3.29, 'deg': 15, 'gust': 5.6}",MU,1681265325
288,tornio,65.8481,24.1466,-4.99,99,{'all': 100},"{'speed': 1.23, 'deg': 105, 'gust': 1.52}",FI,1681265325
289,saint-joseph,-21.3667,55.6167,24.15,80,{'all': 0},"{'speed': 2.1, 'deg': 324, 'gust': 2.74}",RE,1681265325
290,myitkyina,25.3833,97.4,29.18,24,{'all': 0},"{'speed': 0.78, 'deg': 12, 'gust': 2.02}",MM,1681265326
291,karasuk,53.7377,78.0403,-0.6,48,{'all': 3},"{'speed': 3.84, 'deg': 269, 'gust': 5.51}",RU,1681265326
292,nyurba,63.2842,118.3319,-6.53,86,{'all': 55},"{'speed': 4.36, 'deg': 126, 'gust': 7.63}",RU,1681265326
293,bilibino,68.0546,166.4372,-15.22,67,{'all': 100},"{'speed': 0.24, 'deg': 239, 'gust': 0.55}",RU,1681265326
294,faanui,-16.4833,-151.75,27.76,73,{'all': 49},"{'speed': 3.12, 'deg': 101, 'gust': 2.99}",PF,1681265327
295,alto longa,-5.2511,-42.2103,23.33,89,{'all': 14},"{'speed': 1.9, 'deg': 49, 'gust': 3.52}",BR,1681265327
296,codrington,-38.2667,141.9667,17.5,79,{'all': 98},"{'speed': 6.91, 'deg': 307, 'gust': 11.07}",AU,1681265059
297,iqaluit,63.7506,-68.5145,-10.16,96,{'all': 99},"{'speed': 2.25, 'deg': 111, 'gust': 3.65}",CA,1681265327
298,asau,46.4333,26.4,6.51,96,{'all': 100},"{'speed': 1.56, 'deg': 287, 'gust': 3.13}",RO,1681265328
299,dikson,73.5069,80.5464,-22.93,93,{'all': 100},"{'speed': 8.74, 'deg': 31, 'gust': 14.72}",RU,1681265328
300,kangaatsiaq,68.3065,-53.4641,-6.92,94,{'all': 38},"{'speed': 1.17, 'deg': 281, 'gust': 1.28}",GL,1681265328
301,fenoarivo,-18.933,47.4354,17.04,100,{'all': 75},"{'speed': 0, 'deg': 0}",MG,1681265328
302,iranshahr,27.2025,60.6848,24.58,33,{'all': 29},"{'speed': 0.77, 'deg': 44, 'gust': 1.14}",IR,1681265328
303,itupiranga,-5.1347,-49.3267,25.18,97,{'all': 100},"{'speed': 0.98, 'deg': 108, 'gust': 1.12}",BR,1681265107
304,novyy urengoy,66.0833,76.6333,-26.97,97,{'all': 7},"{'speed': 3.53, 'deg': 331, 'gust': 6.61}",RU,1681265329
305,kavaratti,10.5669,72.642,28.64,74,{'all': 15},"{'speed': 3.25, 'deg': 3, 'gust': 3.19}",IN,1681265329
306,luderitz,-26.6481,15.1594,15.32,60,{'all': 18},"{'speed': 2.32, 'deg': 176, 'gust': 3.2}",NA,1681265065
307,bako,5.7833,36.5667,17.34,79,{'all': 100},"{'speed': 1.69, 'deg': 47, 'gust': 1.71}",ET,1681265329
308,beloha,-25.1667,45.05,21.35,96,{'all': 100},"{'speed': 1.54, 'deg': 271, 'gust': 1.69}",MG,1681265330
309,nome,64.5011,-165.4064,-16.02,67,{'all': 7},"{'speed': 2.26, 'deg': 29, 'gust': 3.25}",US,1681265079
310,varhaug,58.6147,5.6457,6.03,89,{'all': 54},"{'speed': 9.11, 'deg': 132, 'gust': 14.07}",NO,1681265330
311,provideniya,64.3833,-173.3,-17.94,60,{'all': 0},"{'speed': 7, 'deg': 10}",RU,1681265330
312,lircay,-12.9896,-74.7205,8.32,88,{'all': 100},"{'speed': 2.89, 'deg': 224, 'gust': 3.1}",PE,1681265330
313,half moon bay,37.4636,-122.4286,15.23,68,{'all': 40},"{'speed': 9.26, 'deg': 330}",US,1681265331
314,voskresenskoye,56.8381,45.4317,4.32,81,{'all': 9},"{'speed': 2.04, 'deg': 246, 'gust': 2.29}",RU,1681265331
315,sisimiut,66.9395,-53.6735,-6.05,86,{'all': 8},"{'speed': 2.41, 'deg': 53, 'gust': 2.22}",GL,1681265331
316,victor harbor,-35.5667,138.6167,17.6,63,{'all': 0},"{'speed': 9.15, 'deg': 243, 'gust': 11.74}",AU,1681265331
317,ballina,-28.8667,153.5667,24.32,35,{'all': 79},"{'speed': 1.31, 'deg': 298, 'gust': 3.59}",AU,1681265332
318,saint george,37.1041,-113.5841,27.36,10,{'all': 0},"{'speed': 3.63, 'deg': 236, 'gust': 5.4}",US,1681265332
319,teya,60.3778,92.6267,-13.35,83,{'all': 100},"{'speed': 4.79, 'deg': 262, 'gust': 8.38}",RU,1681265332
320,san quintin,30.4833,-115.95,14.52,83,{'all': 5},"{'speed': 5.06, 'deg': 320, 'gust': 6.29}",MX,1681265332
321,diu,20.7141,70.9822,26.94,50,{'all': 0},"{'speed': 2.12, 'deg': 320, 'gust': 2.48}",IN,1681265332
322,hirara,24.8,125.2833,23.87,77,{'all': 0},"{'speed': 4.58, 'deg': 27, 'gust': 4.64}",JP,1681265333
323,okhotsk,59.3833,143.3,-5.27,68,{'all': 6},"{'speed': 0.87, 'deg': 70, 'gust': 1.18}",RU,1681265057
324,fandriana,-20.2333,47.3833,14.42,91,{'all': 38},"{'speed': 1.08, 'deg': 334, 'gust': 1.04}",MG,1681265333
325,sorong,-0.8833,131.25,29.39,71,{'all': 77},"{'speed': 1.46, 'deg': 348, 'gust': 1.93}",ID,1681265067
326,taseyevo,57.2169,94.8978,-4.57,68,{'all': 100},"{'speed': 5.19, 'deg': 269, 'gust': 8.48}",RU,1681265333
327,yar-sale,66.8333,70.8333,-26.1,98,{'all': 34},"{'speed': 3.56, 'deg': 4, 'gust': 6.19}",RU,1681265334
328,ternate,0.8,127.4,29.63,66,{'all': 8},"{'speed': 0.74, 'deg': 343, 'gust': 1.29}",ID,1681265334
329,lavrentiya,65.5833,-171.0,-15.39,74,{'all': 17},"{'speed': 1.47, 'deg': 24, 'gust': 2.57}",RU,1681265070
330,yulara,-25.2406,130.9889,29.61,27,{'all': 100},"{'speed': 5.22, 'deg': 88, 'gust': 5.22}",AU,1681265334
331,tezu,27.9167,96.1667,29.24,28,{'all': 5},"{'speed': 0.74, 'deg': 211, 'gust': 0.94}",IN,1681265334
332,taoudenni,22.6783,-3.9836,24.49,8,{'all': 99},"{'speed': 4.74, 'deg': 32, 'gust': 6.55}",ML,1681265335
333,khatanga,71.9667,102.5,-13.69,81,{'all': 100},"{'speed': 7.22, 'deg': 82, 'gust': 13.35}",RU,1681265066
334,matagami,49.7502,-77.6328,3.06,81,{'all': 100},"{'speed': 6.69, 'deg': 310, 'gust': 9.26}",CA,1681265335
335,vardo,70.3705,31.1107,-0.01,69,{'all': 100},"{'speed': 7.72, 'deg': 50}",NO,1681265335
336,sao filipe,14.8961,-24.4956,21.86,66,{'all': 92},"{'speed': 3.49, 'deg': 14, 'gust': 3.44}",CV,1681265336
337,evensk,61.95,159.2333,-6.16,61,{'all': 0},"{'speed': 2.95, 'deg': 20, 'gust': 4.73}",RU,1681265336
338,elko,41.0002,-115.5012,14.57,40,{'all': 100},"{'speed': 2.24, 'deg': 260, 'gust': 5.36}",US,1681265336
339,hobyo,5.3505,48.5268,27.7,77,{'all': 98},"{'speed': 5.62, 'deg': 69, 'gust': 6.79}",SO,1681265336
340,berdigestyakh,62.0989,126.6992,-6.05,82,{'all': 92},"{'speed': 2.42, 'deg': 17, 'gust': 3.91}",RU,1681265336
341,harper,4.375,-7.7169,26.45,85,{'all': 100},"{'speed': 2.62, 'deg': 198, 'gust': 2.69}",LR,1681265337
342,gaogou,34.0175,119.1886,17.74,35,{'all': 0},"{'speed': 4.26, 'deg': 121, 'gust': 5.7}",CN,1681265337
343,micoud,13.8167,-60.9,25.12,79,{'all': 32},"{'speed': 1.34, 'deg': 165, 'gust': 2.68}",LC,1681265337
344,ulladulla,-35.35,150.4667,15.98,52,{'all': 100},"{'speed': 4.56, 'deg': 284, 'gust': 7.48}",AU,1681265338
345,verkhoyansk,67.5447,133.385,-13.23,74,{'all': 100},"{'speed': 0.22, 'deg': 69, 'gust': 0.36}",RU,1681265338
346,arraial do cabo,-22.9661,-42.0278,24.33,76,{'all': 46},"{'speed': 6.55, 'deg': 59, 'gust': 7.97}",BR,1681265338
347,hovd,48.0056,91.6419,4.39,27,{'all': 78},"{'speed': 4.93, 'deg': 247, 'gust': 9.42}",MN,1681265338
348,zastron,-30.3023,27.084,6.88,30,{'all': 100},"{'speed': 1.69, 'deg': 7, 'gust': 1.76}",ZA,1681265338
349,atar,20.5169,-13.0499,24.4,57,{'all': 54},"{'speed': 2.53, 'deg': 138, 'gust': 4.65}",MR,1681265046
350,korla,41.7597,86.1469,15.21,24,{'all': 88},"{'speed': 3.55, 'deg': 60, 'gust': 5.6}",CN,1681265339
351,greymouth,-42.4667,171.2,13.53,93,{'all': 100},"{'speed': 2.12, 'deg': 110, 'gust': 3.97}",NZ,1681265339
352,lompoc,34.6391,-120.4579,15.08,83,{'all': 40},"{'speed': 9.77, 'deg': 330, 'gust': 12.86}",US,1681265340
353,kehtna,58.9303,24.8781,6.44,90,{'all': 42},"{'speed': 1.99, 'deg': 145, 'gust': 2.85}",EE,1681265340
354,hay river,60.8156,-115.7999,-2.86,96,{'all': 100},"{'speed': 4.67, 'deg': 304, 'gust': 8.78}",CA,1681265340
355,maneadero,31.7167,-116.5667,13.94,75,{'all': 29},"{'speed': 1.34, 'deg': 276, 'gust': 2.24}",MX,1681265341
356,aneza,39.0867,20.9233,10.35,81,{'all': 100},"{'speed': 1.05, 'deg': 59, 'gust': 1.39}",GR,1681265341
357,hamilton,39.1834,-84.5333,17.69,51,{'all': 72},"{'speed': 2.5, 'deg': 236, 'gust': 6.72}",US,1681265301
358,linhares,-19.3911,-40.0722,21.55,94,{'all': 57},"{'speed': 1.31, 'deg': 205, 'gust': 1.73}",BR,1681265287
359,nyimba,-14.5566,30.8149,19.51,94,{'all': 100},"{'speed': 4.13, 'deg': 126, 'gust': 11.6}",ZM,1681265341
360,conceicao do coite,-11.5639,-39.2828,20.95,82,{'all': 86},"{'speed': 2.85, 'deg': 120, 'gust': 7.91}",BR,1681265116
361,capim grosso,-11.3811,-40.0128,21.53,82,{'all': 31},"{'speed': 3.5, 'deg': 139, 'gust': 8.98}",BR,1681265342
362,deogarh,21.5333,84.7333,31.81,21,{'all': 0},"{'speed': 0.86, 'deg': 47, 'gust': 1.17}",IN,1681265349
363,keti bandar,24.1447,67.4497,25.94,74,{'all': 58},"{'speed': 5.87, 'deg': 280, 'gust': 8.52}",PK,1681265350
364,ayan,56.45,138.1667,-2.05,73,{'all': 81},"{'speed': 9, 'deg': 40, 'gust': 11.49}",RU,1681265350
365,birao,10.2849,22.7882,29.01,31,{'all': 100},"{'speed': 3.92, 'deg': 233, 'gust': 11.12}",CF,1681265354
366,shelburne,44.0787,-80.2041,15.42,71,{'all': 100},"{'speed': 6.93, 'deg': 278, 'gust': 16.66}",CA,1681265357
367,beloretsk,53.9631,58.3981,-0.06,75,{'all': 0},"{'speed': 1.45, 'deg': 261, 'gust': 1.54}",RU,1681265362
368,plavinas,56.6178,25.7255,6.78,89,{'all': 49},"{'speed': 2.03, 'deg': 107, 'gust': 3.58}",LV,1681265365
369,antsohihy,-14.8796,47.9875,21.75,97,{'all': 43},"{'speed': 1.62, 'deg': 46, 'gust': 2.47}",MG,1681265365
370,vanimo,-2.6741,141.3028,24.48,91,{'all': 100},"{'speed': 0.71, 'deg': 193, 'gust': 1.26}",PG,1681265366
371,mitsamiouli,-11.3847,43.2844,27.36,76,{'all': 23},"{'speed': 3.59, 'deg': 112, 'gust': 3.72}",KM,1681265109
372,buhe,30.2876,112.2298,23.04,46,{'all': 100},"{'speed': 3.01, 'deg': 8, 'gust': 3.41}",CN,1681265367
373,henties bay,-22.116,14.2845,14.36,84,{'all': 0},"{'speed': 1.09, 'deg': 343, 'gust': 1.1}",NA,1681265367
374,riyadh,24.6877,46.7219,22.45,51,{'all': 100},"{'speed': 4.4, 'deg': 83, 'gust': 6.8}",SA,1681265367
375,sola,-13.8833,167.55,28.34,74,{'all': 100},"{'speed': 3.74, 'deg': 92, 'gust': 4.09}",VU,1681265082
376,kaka,37.3482,59.6143,22.49,24,{'all': 89},"{'speed': 2.73, 'deg': 174, 'gust': 2.97}",TM,1681265368
377,san jose,37.3394,-121.895,16.1,50,{'all': 0},"{'speed': 6.69, 'deg': 340, 'gust': 9.77}",US,1681265289
378,flinders,-34.5833,150.8552,20.66,63,{'all': 100},"{'speed': 3.13, 'deg': 262, 'gust': 6.71}",AU,1681265369
379,takhtamygda,54.1,123.5667,-1.57,72,{'all': 93},"{'speed': 3.99, 'deg': 14, 'gust': 5.49}",RU,1681265373
380,krasnyy chikoy,50.3643,108.7512,0.43,62,{'all': 100},"{'speed': 0.36, 'deg': 344, 'gust': 0.51}",RU,1681265388
381,howard springs,-12.497,131.047,31.95,86,{'all': 100},"{'speed': 3.32, 'deg': 44, 'gust': 4.08}",AU,1681265395
382,biak,-0.9131,122.8766,29.31,64,{'all': 38},"{'speed': 0.95, 'deg': 182, 'gust': 1.73}",ID,1681265397
383,magsaysay,6.7667,125.1833,30.21,65,{'all': 40},"{'speed': 0.99, 'deg': 271, 'gust': 1.32}",PH,1681265397
384,balkanabat,39.5108,54.3671,24.8,24,{'all': 100},"{'speed': 4.66, 'deg': 77, 'gust': 6.3}",TM,1681265398
385,comodoro rivadavia,-45.8667,-67.5,10.59,49,{'all': 5},"{'speed': 6.19, 'deg': 173, 'gust': 8.26}",AR,1681265398
386,salalah,17.0151,54.0924,25.99,76,{'all': 17},"{'speed': 1.35, 'deg': 161, 'gust': 2}",OM,1681265171
387,morena,26.4969,78.0,28.64,13,{'all': 6},"{'speed': 2.42, 'deg': 332, 'gust': 3.78}",IN,1681265400
388,foz,43.5692,-7.2544,13.0,76,{'all': 100},"{'speed': 5.57, 'deg': 232, 'gust': 14.65}",ES,1681265400
389,pringsewu,-5.3582,104.9744,28.54,69,{'all': 69},"{'speed': 1.28, 'deg': 256, 'gust': 2.28}",ID,1681265401
390,porto santo,33.072,-16.3415,17.21,72,{'all': 40},"{'speed': 3.6, 'deg': 40}",PT,1681265403
391,svetlogorsk,52.6333,29.7333,8.43,70,{'all': 100},"{'speed': 3.97, 'deg': 67, 'gust': 10.37}",BY,1681265403
392,skole,49.0372,23.5135,2.38,95,{'all': 100},"{'speed': 1.01, 'deg': 338, 'gust': 1.33}",UA,1681265404
393,whitehorse,60.7161,-135.0538,3.39,27,{'all': 100},"{'speed': 4.12, 'deg': 210}",CA,1681265404
394,damaturu,11.747,11.9608,26.88,19,{'all': 100},"{'speed': 3.24, 'deg': 7, 'gust': 5.74}",NG,1681265406
395,zavodskoy,43.4597,132.2922,7.77,20,{'all': 40},"{'speed': 7, 'deg': 240}",RU,1681265407
396,pavlogradka,54.2024,73.5592,0.78,54,{'all': 15},"{'speed': 4.74, 'deg': 224, 'gust': 9.53}",RU,1681265333
397,darnah,32.767,22.6367,14.32,65,{'all': 21},"{'speed': 11.82, 'deg': 316, 'gust': 14.98}",LY,1681265409
398,mae hong son,19.3003,97.9685,32.5,32,{'all': 8},"{'speed': 0.86, 'deg': 255, 'gust': 0.85}",TH,1681265409
399,kloulklubed,7.0419,134.2556,30.28,76,{'all': 38},"{'speed': 3.8, 'deg': 137, 'gust': 4.21}",PW,1681265410
400,shakhtinsk,49.71,72.5872,1.19,52,{'all': 3},"{'speed': 1.81, 'deg': 63, 'gust': 2.32}",KZ,1681265410
401,mansehra,34.3333,73.2,16.79,52,{'all': 0},"{'speed': 2.68, 'deg': 60, 'gust': 3.12}",PK,1681265410
402,murmashi,68.8154,32.8115,-0.77,100,{'all': 75},"{'speed': 1, 'deg': 10, 'gust': 6}",RU,1681265411
403,pop,40.8736,71.1089,14.27,67,{'all': 100},"{'speed': 2.79, 'deg': 61, 'gust': 3.94}",UZ,1681265411
404,khani,41.9563,42.9566,6.76,83,{'all': 97},"{'speed': 2.22, 'deg': 143, 'gust': 1.84}",GE,1681265412
405,cockburn town,21.4612,-71.1419,25.31,80,{'all': 0},"{'speed': 5.34, 'deg': 83, 'gust': 5.9}",TC,1681265138
406,saulkrasti,57.2622,24.4147,8.97,84,{'all': 30},"{'speed': 3.49, 'deg': 128, 'gust': 5.5}",LV,1681265412
407,boromo,11.75,-2.9333,30.48,21,{'all': 44},"{'speed': 2.78, 'deg': 15, 'gust': 5.21}",BF,1681265413
408,altea,38.5989,-0.0514,19.56,58,{'all': 14},"{'speed': 5.01, 'deg': 242, 'gust': 6.28}",ES,1681265413
409,redcliffe,-27.2307,153.0973,27.3,33,{'all': 0},"{'speed': 3.6, 'deg': 10}",AU,1681265414
410,santa marta de tormes,40.9506,-5.6272,8.35,95,{'all': 0},"{'speed': 5.66, 'deg': 280}",ES,1681265414
411,tamale,9.4008,-0.8393,29.89,36,{'all': 30},"{'speed': 4.78, 'deg': 166, 'gust': 10.02}",GH,1681265415
412,ban nahin,18.2418,104.2122,36.1,35,{'all': 10},"{'speed': 1.79, 'deg': 164, 'gust': 2.95}",LA,1681265416
413,rusape,-18.5278,32.1284,13.27,99,{'all': 99},"{'speed': 1.57, 'deg': 156, 'gust': 4.98}",ZW,1681265416
414,kulhudhuffushi,6.6221,73.07,28.51,71,{'all': 6},"{'speed': 4.33, 'deg': 60, 'gust': 5.37}",MV,1681265418
415,zarubino,42.63,131.0922,6.5,30,{'all': 0},"{'speed': 7.26, 'deg': 271, 'gust': 11.84}",RU,1681265419
416,bulaevo,54.9056,70.4439,1.48,56,{'all': 90},"{'speed': 4.92, 'deg': 228, 'gust': 11.5}",KZ,1681265420
417,kashan,33.9831,51.4364,21.96,26,{'all': 100},"{'speed': 3.45, 'deg': 176, 'gust': 4.73}",IR,1681265421
418,college,64.8569,-147.8028,-8.01,75,{'all': 100},"{'speed': 0, 'deg': 0}",US,1681265422
419,namatanai,-3.6667,152.4333,29.35,68,{'all': 99},"{'speed': 4.45, 'deg': 274, 'gust': 5.83}",PG,1681265422
420,aklavik,68.2191,-135.0107,-10.88,84,{'all': 100},"{'speed': 1.58, 'deg': 79, 'gust': 1.67}",CA,1681265424
421,gunnedah,-30.9833,150.25,17.96,42,{'all': 100},"{'speed': 2.46, 'deg': 333, 'gust': 3.46}",AU,1681265425
422,homa bay,-0.5273,34.4571,18.75,75,{'all': 98},"{'speed': 1.38, 'deg': 115, 'gust': 1.48}",KE,1681265426
423,taperoa,-7.2075,-36.8267,19.91,79,{'all': 33},"{'speed': 3.02, 'deg': 118, 'gust': 7.31}",BR,1681265426
424,merauke,-8.4667,140.3333,29.26,69,{'all': 100},"{'speed': 1.52, 'deg': 279, 'gust': 1.45}",ID,1681265427
425,tautira,-17.7333,-149.15,27.07,74,{'all': 100},"{'speed': 1.97, 'deg': 66, 'gust': 1.86}",PF,1681265427
426,neosho,36.869,-94.368,18.6,75,{'all': 0},"{'speed': 3.35, 'deg': 184, 'gust': 6.24}",US,1681265427
427,saint-augustin,51.226,-58.6502,0.79,99,{'all': 100},"{'speed': 0.95, 'deg': 215, 'gust': 0.96}",CA,1681265428
428,manta,-0.95,-80.7333,25.7,83,{'all': 93},"{'speed': 1.77, 'deg': 243, 'gust': 2.29}",EC,1681265365
429,ucluelet,48.9329,-125.5528,4.49,89,{'all': 100},"{'speed': 0.45, 'deg': 140, 'gust': 0}",CA,1681265429
430,litovko,49.2361,135.1742,0.92,100,{'all': 100},"{'speed': 0.26, 'deg': 113, 'gust': 0.54}",RU,1681265429
431,alekseyevka,50.6309,38.6903,9.65,59,{'all': 100},"{'speed': 5.29, 'deg': 84, 'gust': 11.71}",RU,1681265430
432,mehamn,71.0357,27.8492,-0.03,69,{'all': 100},"{'speed': 6.69, 'deg': 70}",NO,1681265431
433,necochea,-38.5473,-58.7368,15.75,83,{'all': 40},"{'speed': 5.84, 'deg': 221, 'gust': 9.84}",AR,1681265432
434,lensk,60.7253,114.9278,-3.42,69,{'all': 88},"{'speed': 3.74, 'deg': 128, 'gust': 6.69}",RU,1681265432
435,antofagasta,-23.65,-70.4,18.6,82,{'all': 25},"{'speed': 2.14, 'deg': 196, 'gust': 2.86}",CL,1681265158
436,asifabad,19.3667,79.2833,32.51,27,{'all': 13},"{'speed': 0.53, 'deg': 283, 'gust': 1.2}",IN,1681265434
437,lichuan,30.3,108.85,16.06,72,{'all': 100},"{'speed': 2.7, 'deg': 148, 'gust': 6.47}",CN,1681265434
438,cap malheureux,-19.9842,57.6142,25.26,81,{'all': 100},"{'speed': 1.34, 'deg': 78, 'gust': 3.13}",MU,1681265412
439,yeppoon,-23.1333,150.7333,29.88,40,{'all': 6},"{'speed': 1.21, 'deg': 112, 'gust': 3.44}",AU,1681265436
440,malinyi,-8.9333,36.1333,20.62,98,{'all': 68},"{'speed': 0.11, 'deg': 220, 'gust': 0.4}",TZ,1681265437
441,raudeberg,61.9875,5.1352,6.37,70,{'all': 100},"{'speed': 4.36, 'deg': 151, 'gust': 5.11}",NO,1681265437
442,lata,40.1629,-8.3327,11.71,84,{'all': 100},"{'speed': 1.34, 'deg': 275, 'gust': 2.65}",PT,1681265438
443,warrnambool,-38.3833,142.4833,19.07,77,{'all': 99},"{'speed': 6.76, 'deg': 312, 'gust': 10.64}",AU,1681265438
444,kayalpattinam,8.5667,78.1167,28.85,68,{'all': 12},"{'speed': 3.83, 'deg': 54, 'gust': 4.78}",IN,1681265438
445,aswan,24.0934,32.907,19.7,26,{'all': 86},"{'speed': 8.55, 'deg': 324, 'gust': 13.65}",EG,1681265438
446,vila franca do campo,37.7167,-25.4333,15.23,92,{'all': 87},"{'speed': 2.86, 'deg': 350, 'gust': 4.49}",PT,1681265439
447,raga,8.4596,25.678,26.75,52,{'all': 100},"{'speed': 2.95, 'deg': 221, 'gust': 9.66}",SS,1681265439
448,newport,51.5877,-2.9984,6.54,87,{'all': 61},"{'speed': 8.82, 'deg': 252, 'gust': 13.77}",GB,1681265220
449,los llanos de aridane,28.6585,-17.9182,17.86,83,{'all': 17},"{'speed': 8.23, 'deg': 20}",ES,1681265293
450,boulsa,12.6675,-0.5758,30.48,15,{'all': 8},"{'speed': 6.73, 'deg': 8, 'gust': 16.15}",BF,1681265440
451,oranjemund,-28.55,16.4333,15.23,54,{'all': 11},"{'speed': 1.53, 'deg': 147, 'gust': 2.25}",NA,1681265440
452,van wert,40.8695,-84.5841,17.89,54,{'all': 0},"{'speed': 2.24, 'deg': 219, 'gust': 4.47}",US,1681265441
453,paamiut,61.994,-49.6678,-1.16,92,{'all': 100},"{'speed': 0.37, 'deg': 194, 'gust': 0.55}",GL,1681265441
454,garmsar,35.2182,52.3409,21.77,27,{'all': 100},"{'speed': 3, 'deg': 65, 'gust': 2.99}",IR,1681265442
455,kabo,7.6994,18.629,26.61,51,{'all': 100},"{'speed': 3.27, 'deg': 192, 'gust': 9.7}",CF,1681265442
456,owo,7.1962,5.5868,22.58,94,{'all': 92},"{'speed': 1.53, 'deg': 192, 'gust': 5.91}",NG,1681265442
457,adre,13.4667,22.2,26.33,14,{'all': 70},"{'speed': 6.32, 'deg': 34, 'gust': 13.91}",TD,1681265443
458,benjamin constant,-4.3831,-70.0311,23.08,98,{'all': 65},"{'speed': 0.22, 'deg': 20, 'gust': 0.23}",BR,1681265443
459,kahului,20.8947,-156.47,26.09,79,{'all': 99},"{'speed': 7.15, 'deg': 68, 'gust': 8.49}",US,1681265443
460,talnakh,69.4865,88.3972,-22.67,95,{'all': 100},"{'speed': 1.96, 'deg': 296, 'gust': 2.1}",RU,1681265443
461,frontera,26.9333,-101.45,24.62,44,{'all': 19},"{'speed': 3.13, 'deg': 20, 'gust': 4.47}",MX,1681265444
462,zabid,14.1951,43.3152,27.72,60,{'all': 96},"{'speed': 3.32, 'deg': 191, 'gust': 5.51}",YE,1681265444
463,along,28.1667,94.7667,23.76,56,{'all': 2},"{'speed': 0.44, 'deg': 27, 'gust': 1.51}",IN,1681265445
464,lokosovo,61.1333,74.8167,-7.54,94,{'all': 98},"{'speed': 0.21, 'deg': 8, 'gust': 1}",RU,1681265445
465,brigham city,41.5102,-112.0155,15.18,39,{'all': 42},"{'speed': 0.45, 'deg': 56, 'gust': 0.89}",US,1681265297
466,axim,4.8699,-2.2405,26.31,88,{'all': 94},"{'speed': 3.59, 'deg': 201, 'gust': 5.96}",GH,1681265445
467,neuquen,-38.9516,-68.0591,14.18,54,{'all': 8},"{'speed': 5, 'deg': 103, 'gust': 9.33}",AR,1681265446
468,veinticinco de mayo,-35.4323,-60.1727,19.43,89,{'all': 81},"{'speed': 0.89, 'deg': 118, 'gust': 2.24}",AR,1681265446
469,santa rosalia,27.3167,-112.2833,25.48,28,{'all': 0},"{'speed': 4.63, 'deg': 262, 'gust': 7.83}",MX,1681265446
470,mapiri,-15.25,-68.1667,20.88,98,{'all': 94},"{'speed': 0.42, 'deg': 12, 'gust': 0.64}",BO,1681265447
471,berlevag,70.8578,29.0864,0.0,59,{'all': 100},"{'speed': 8.75, 'deg': 60}",NO,1681265447
472,mizdah,31.4451,12.9801,9.8,59,{'all': 0},"{'speed': 1.78, 'deg': 248, 'gust': 1.82}",LY,1681265447
473,mobile,30.7835,-88.2,19.2,80,{'all': 100},"{'speed': 2.8, 'deg': 61, 'gust': 10.56}",US,1681265447
474,hami,42.8,93.45,13.69,36,{'all': 100},"{'speed': 5.22, 'deg': 35, 'gust': 5.61}",CN,1681265447
475,abu samrah,35.3029,37.1841,11.49,74,{'all': 99},"{'speed': 3.86, 'deg': 217, 'gust': 6}",SY,1681265448
476,bridlington,54.0831,-0.1919,6.61,85,{'all': 100},"{'speed': 10.95, 'deg': 219, 'gust': 15.22}",GB,1681265448
477,big spring,32.2504,-101.4787,23.25,41,{'all': 0},"{'speed': 7.2, 'deg': 130}",US,1681265448
478,kavieng,-2.5744,150.7967,29.0,71,{'all': 87},"{'speed': 5.66, 'deg': 293, 'gust': 6.84}",PG,1681265448
479,chapais,49.7834,-74.8492,0.88,96,{'all': 100},"{'speed': 7.55, 'deg': 299, 'gust': 15.91}",CA,1681265448
480,santa maria,-29.6842,-53.8069,19.61,94,{'all': 0},"{'speed': 0, 'deg': 0}",BR,1681265175
481,amapa,1.0,-52.0,22.57,98,{'all': 100},"{'speed': 0.65, 'deg': 44, 'gust': 0.61}",BR,1681265449
482,ginda,30.6945,78.4932,16.25,26,{'all': 99},"{'speed': 2.32, 'deg': 28, 'gust': 3.34}",IN,1681265449
483,singkang,2.1006,102.7994,29.2,69,{'all': 45},"{'speed': 1.64, 'deg': 5, 'gust': 2.76}",MY,1681265450
484,basco,20.4487,121.9702,25.08,81,{'all': 100},"{'speed': 6.8, 'deg': 50, 'gust': 7.04}",PH,1681265450
485,kedrovyy,56.1667,91.8167,-4.77,71,{'all': 100},"{'speed': 5.02, 'deg': 265, 'gust': 9.78}",RU,1681265450
486,fort nelson,58.8053,-122.7002,6.17,45,{'all': 5},"{'speed': 2.96, 'deg': 329, 'gust': 7.54}",CA,1681265451
487,touros,-5.1989,-35.4608,25.1,80,{'all': 36},"{'speed': 4.38, 'deg': 141, 'gust': 8.12}",BR,1681265451
488,rafaela,-31.2503,-61.4867,24.43,57,{'all': 91},"{'speed': 0.45, 'deg': 79, 'gust': 1.34}",AR,1681265451
489,berezovka,53.7214,25.4993,7.37,73,{'all': 100},"{'speed': 2.9, 'deg': 100, 'gust': 7.08}",BY,1681265452
490,mount gambier,-37.8333,140.7667,16.61,87,{'all': 89},"{'speed': 6.72, 'deg': 269, 'gust': 12.19}",AU,1681265452
491,constitucion,-35.3333,-72.4167,13.13,95,{'all': 94},"{'speed': 3.01, 'deg': 196, 'gust': 3.54}",CL,1681265452
492,jumla,29.2747,82.1838,13.37,41,{'all': 1},"{'speed': 0.86, 'deg': 1, 'gust': 1.14}",NP,1681265453
493,mareeba,-17.0,145.4333,33.02,59,{'all': 94},"{'speed': 0.99, 'deg': 240, 'gust': 2.75}",AU,1681265453
494,asfi,32.2994,-9.2372,16.86,62,{'all': 0},"{'speed': 4.98, 'deg': 53, 'gust': 6.9}",MA,1681265453
495,bouar,5.934,15.596,18.71,87,{'all': 100},"{'speed': 1.55, 'deg': 249, 'gust': 4.81}",CF,1681265453
496,ulaangom,49.9811,92.0667,-3.74,52,{'all': 56},"{'speed': 2.86, 'deg': 26, 'gust': 2.77}",MN,1681265454
497,kimbe,-5.5502,150.1429,30.08,67,{'all': 72},"{'speed': 2.78, 'deg': 1, 'gust': 3.09}",PG,1681265412
498,tomatlan,19.9333,-105.25,21.61,66,{'all': 4},"{'speed': 1.03, 'deg': 268, 'gust': 1.84}",MX,1681265454
499,muroto,33.2833,134.15,18.09,85,{'all': 100},"{'speed': 4.69, 'deg': 255, 'gust': 7.41}",JP,1681265455
500,batticaloa,7.7102,81.6924,27.64,74,{'all': 33},"{'speed': 1.03, 'deg': 82, 'gust': 2.68}",LK,1681265455
501,khor,47.8861,134.9464,1.53,85,{'all': 100},"{'speed': 8.3, 'deg': 240, 'gust': 11.65}",RU,1681265455
502,lazaro cardenas,17.9583,-102.2,25.81,67,{'all': 9},"{'speed': 3.28, 'deg': 246, 'gust': 5.15}",MX,1681265406
503,rosarito,32.3333,-117.0333,16.07,80,{'all': 58},"{'speed': 2.12, 'deg': 288, 'gust': 1.96}",MX,1681265285
504,doha,25.2867,51.5333,22.99,68,{'all': 0},"{'speed': 1.54, 'deg': 160}",QA,1681265455
505,vzmorye,54.6961,20.2361,4.05,88,{'all': 85},"{'speed': 2.78, 'deg': 127, 'gust': 4.86}",RU,1681265456
506,vrangel,42.7297,133.0839,5.09,57,{'all': 0},"{'speed': 10.31, 'deg': 249, 'gust': 16.68}",RU,1681265456
507,lasa,46.6166,10.7002,6.31,78,{'all': 92},"{'speed': 1.02, 'deg': 206, 'gust': 1.16}",IT,1681265456
508,mangrol,21.1167,70.1167,25.47,65,{'all': 13},"{'speed': 6.41, 'deg': 340, 'gust': 9.75}",IN,1681265375
509,muli,2.9167,73.5667,28.74,71,{'all': 51},"{'speed': 3.03, 'deg': 78, 'gust': 3.39}",MV,1681265457
510,lenine,45.2986,35.7771,9.17,90,{'all': 100},"{'speed': 3.88, 'deg': 285, 'gust': 6.61}",UA,1681265457
511,olinda,-8.0089,-34.8553,26.85,19,{'all': 40},"{'speed': 2.57, 'deg': 130}",BR,1681265457
512,nabire,-3.3667,135.4833,25.05,91,{'all': 100},"{'speed': 1.99, 'deg': 202, 'gust': 2.83}",ID,1681265457
513,labytnangi,66.6572,66.4183,-24.65,96,{'all': 47},"{'speed': 2.72, 'deg': 41, 'gust': 5.89}",RU,1681265458
514,hambantota,6.1241,81.1185,23.19,100,{'all': 20},"{'speed': 0.51, 'deg': 0}",LK,1681265458
515,gat,31.61,34.7642,13.0,100,{'all': 94},"{'speed': 2.49, 'deg': 30, 'gust': 3.6}",IL,1681265281
516,tawang,27.5833,91.8667,11.26,48,{'all': 7},"{'speed': 1.14, 'deg': 243, 'gust': 1.04}",IN,1681265459
517,ciudad bolivar,8.1222,-63.5497,29.22,52,{'all': 100},"{'speed': 6.6, 'deg': 59, 'gust': 10.63}",VE,1681265459
518,eureka,40.8021,-124.1637,12.08,72,{'all': 10},"{'speed': 2.68, 'deg': 39, 'gust': 6.26}",US,1681265443
519,salihorsk,52.7876,27.5415,7.34,71,{'all': 100},"{'speed': 3.27, 'deg': 72, 'gust': 7.85}",BY,1681265459
520,florida,28.7505,-82.5001,21.06,70,{'all': 75},"{'speed': 4.63, 'deg': 80, 'gust': 7.2}",US,1681265362
521,christchurch,-43.5333,172.6333,19.39,70,{'all': 20},"{'speed': 5.14, 'deg': 240}",NZ,1681265460
522,werda,-25.2667,23.2833,15.17,23,{'all': 0},"{'speed': 3.33, 'deg': 81, 'gust': 3.82}",BW,1681265460
523,mandali,33.7499,45.5541,20.67,63,{'all': 100},"{'speed': 11.48, 'deg': 154, 'gust': 19.22}",IQ,1681265460
524,ixtapa,20.7,-105.2,20.92,65,{'all': 0},"{'speed': 1, 'deg': 163, 'gust': 1.37}",MX,1681265460
525,broken hill,-31.95,141.4333,22.75,40,{'all': 0},"{'speed': 10.85, 'deg': 240, 'gust': 12.49}",AU,1681265461
526,noumea,-22.2763,166.4572,29.99,80,{'all': 75},"{'speed': 1.29, 'deg': 220, 'gust': 1.48}",NC,1681265240
527,casian,11.035,119.7136,28.13,74,{'all': 97},"{'speed': 2.63, 'deg': 351, 'gust': 3.29}",PH,1681265461
528,chumikan,54.7183,135.315,-3.3,74,{'all': 88},"{'speed': 12.42, 'deg': 68, 'gust': 19.26}",RU,1681265462
529,katobu,-4.9408,122.5276,30.16,64,{'all': 94},"{'speed': 2.49, 'deg': 301, 'gust': 4.02}",ID,1681265463
530,verkhneye dubrovo,56.7528,61.0468,-2.34,58,{'all': 0},"{'speed': 3, 'deg': 170}",RU,1681265463
531,gariaband,20.635,82.0614,31.07,20,{'all': 0},"{'speed': 0.73, 'deg': 111, 'gust': 1.19}",IN,1681265464
532,nantucket,41.2835,-70.0995,12.27,75,{'all': 100},"{'speed': 12.68, 'deg': 242, 'gust': 20.69}",US,1681265465
533,bhairab bazar,24.0667,90.9667,25.06,38,{'all': 0},"{'speed': 2.71, 'deg': 141, 'gust': 3.53}",BD,1681265465
534,hailar,49.2,119.7,-0.16,35,{'all': 2},"{'speed': 7.96, 'deg': 299, 'gust': 9.65}",CN,1681265465
535,songea,-10.6833,35.65,16.49,98,{'all': 30},"{'speed': 0.45, 'deg': 95, 'gust': 0.64}",TZ,1681265466
536,lumphat,13.4878,106.9816,32.64,52,{'all': 21},"{'speed': 1.78, 'deg': 233, 'gust': 2.15}",KH,1681265466
537,mar del plata,-38.0023,-57.5575,17.83,93,{'all': 91},"{'speed': 2.68, 'deg': 293, 'gust': 6.26}",AR,1681265467
538,labelle,26.7617,-81.4384,22.77,61,{'all': 99},"{'speed': 8.09, 'deg': 68, 'gust': 12.41}",US,1681265468
539,ozernovskiy,51.5,156.5167,-1.72,79,{'all': 99},"{'speed': 4.1, 'deg': 358, 'gust': 5.79}",RU,1681265441
540,bathsheba,13.2167,-59.5167,25.88,75,{'all': 84},"{'speed': 7.12, 'deg': 81, 'gust': 8}",BB,1681265468
541,antalya,36.7741,30.7178,11.33,72,{'all': 40},"{'speed': 4.12, 'deg': 310}",TR,1681265404
542,baruun-urt,46.6806,113.2792,5.72,16,{'all': 100},"{'speed': 3.57, 'deg': 218, 'gust': 5.52}",MN,1681265470
543,tevriz,57.509,72.4042,-0.63,68,{'all': 66},"{'speed': 3.08, 'deg': 229, 'gust': 10.02}",RU,1681265470
544,nadym,65.5333,72.5167,-22.78,97,{'all': 88},"{'speed': 3.38, 'deg': 3, 'gust': 5}",RU,1681265470
545,portland,45.5234,-122.6762,11.13,70,{'all': 40},"{'speed': 6.17, 'deg': 90}",US,1681265261
546,kemijarvi,66.7131,27.4306,0.07,90,{'all': 100},"{'speed': 1.32, 'deg': 336, 'gust': 1.47}",FI,1681265471
547,ust-nera,64.5667,143.2,-10.58,77,{'all': 91},"{'speed': 1.04, 'deg': 116, 'gust': 1.19}",RU,1681265472
548,balkhash,46.844,74.9804,6.34,65,{'all': 0},"{'speed': 4, 'deg': 30}",KZ,1681265472
549,the valley,18.217,-63.0578,25.46,72,{'all': 0},"{'speed': 6.94, 'deg': 97, 'gust': 7.04}",AI,1681265472
550,innisfail,-17.5333,146.0333,31.21,66,{'all': 98},"{'speed': 3.01, 'deg': 92, 'gust': 2.33}",AU,1681265473
551,gubkinskiy,64.434,76.5026,-22.46,96,{'all': 85},"{'speed': 3.4, 'deg': 328, 'gust': 4.81}",RU,1681265474
552,serebryansk,49.6925,83.2892,-1.28,88,{'all': 19},"{'speed': 4.91, 'deg': 300, 'gust': 9.45}",KZ,1681265474
553,dawlatabad,36.4141,64.9053,19.9,37,{'all': 30},"{'speed': 2.49, 'deg': 95, 'gust': 3.01}",AF,1681265474
554,mount pleasant,32.7941,-79.8626,14.03,83,{'all': 0},"{'speed': 0, 'deg': 0}",US,1681265354
555,leamington,42.0549,-82.6062,19.39,53,{'all': 100},"{'speed': 2.24, 'deg': 237, 'gust': 2.68}",CA,1681265475
556,ahome,25.9167,-109.1833,23.12,29,{'all': 0},"{'speed': 2.05, 'deg': 343, 'gust': 2.22}",MX,1681265475
557,san patricio,28.017,-97.5169,21.58,76,{'all': 1},"{'speed': 3.83, 'deg': 94, 'gust': 7.6}",US,1681265476
558,paidha,2.4167,30.9855,17.85,72,{'all': 100},"{'speed': 1.31, 'deg': 209, 'gust': 1.42}",UG,1681265476
559,tabuk,17.4189,121.4443,29.12,55,{'all': 89},"{'speed': 3, 'deg': 21, 'gust': 2.92}",PH,1681265477
560,kargasok,59.0556,80.8572,-7.62,91,{'all': 99},"{'speed': 4.64, 'deg': 202, 'gust': 8.77}",RU,1681265477
561,knokke-heist,51.3333,3.3333,9.03,77,{'all': 100},"{'speed': 9.93, 'deg': 188, 'gust': 15.89}",BE,1681265479
562,quatre cocos,-20.2078,57.7625,25.05,83,{'all': 100},"{'speed': 5.2, 'deg': 1, 'gust': 8.06}",MU,1681265479
563,ambalavao,-21.8333,46.9333,16.2,87,{'all': 9},"{'speed': 0.65, 'deg': 16, 'gust': 0.95}",MG,1681265480
564,zhytomyr,50.2649,28.6767,7.15,93,{'all': 100},"{'speed': 5.33, 'deg': 45, 'gust': 11.1}",UA,1681265480
565,san andres,12.5847,-81.7006,26.53,77,{'all': 73},"{'speed': 6.84, 'deg': 36, 'gust': 7.27}",CO,1681265481
566,petropavlovsk-kamchatskiy,53.0452,158.6483,3.33,38,{'all': 0},"{'speed': 1, 'deg': 0}",RU,1681265481
567,port hardy,50.6996,-127.4199,6.06,72,{'all': 79},"{'speed': 4.87, 'deg': 324, 'gust': 5.82}",CA,1681265482
568,udachnyy,66.4167,112.4,-8.08,52,{'all': 100},"{'speed': 14, 'deg': 144, 'gust': 21.05}",RU,1681265313
569,curup,-3.4667,102.5333,25.21,72,{'all': 89},"{'speed': 1.2, 'deg': 250, 'gust': 1.72}",ID,1681265483
570,oppdal,62.5943,9.6912,2.02,98,{'all': 100},"{'speed': 2.44, 'deg': 140, 'gust': 2.74}",NO,1681265483
